,Unnamed: 0,words,counts,idf
0,0,the,43888,0.5008752929128226
1,1,a,36648,0.5008752929128226
2,2,of,20902,0.0
3,3,to,12630,0.646263594661095
4,4,in,9575,0.646263594661095
5,5,for,8084,0.0
6,6,and,7745,1.0051219455807707
7,7,following,7225,1.0051219455807707
8,8,given,7141,0.0
9,9,sentence,7020,1.5095925774643841
10,10,an,6420,1.5095925774643841
11,11,that,5637,0.0
12,12,is,5551,1.783791299578878
13,13,generate,5022,1.783791299578878
14,14,list,4121,0.0
15,15,create,4111,1.9449106487222299
16,16,what,3820,1.9449106487222299
17,17,with,3585,0.0
18,18,describe,3536,2.083449563077375
19,19,write,3274,2.083449563077375
20,20,two,2980,0.0
21,21,about,2973,1.9414202437824613
22,22,this,2711,1.9414202437824613
23,23,explain,2709,0.0
24,24,it,2517,2.4534079827286295
25,25,how,2469,2.4534079827286295
26,26,name,2365,0.0
27,27,words,2317,2.2730262907525014
28,28,on,2258,2.2730262907525014
29,29,three,2208,0.0
30,30,using,2083,2.312635428847547
31,31,you,2048,2.312635428847547
32,32,are,2021,0.0
33,33,find,1875,2.287696480500295
34,34,identify,1869,2.287696480500295
35,35,from,1843,0.0
36,36,make,1728,2.3538783873815965
37,37,or,1724,2.3538783873815965
38,38,word,1721,0.0
39,39,can,1659,4.4654082436129325
40,40,5,1659,4.4654082436129325
41,41,story,1647,0.0
42,42,be,1575,3.0470255679415414
43,43,3,1544,3.0470255679415414
44,44,five,1508,0.0
45,45,one,1475,4.767689115485866
46,46,text,1456,4.767689115485866
47,47,into,1438,0.0
48,48,between,1403,3.6306105459899607
49,49,rewrite,1390,3.6306105459899607
50,50,as,1382,0.0
51,51,s,1321,2.8387285247443264
52,52,provide,1307,2.8387285247443264
53,53,example,1304,0.0
54,54,suggest,1251,4.305065593537753
55,55,new,1222,4.305065593537753
56,56,up,1184,0.0
57,57,by,1133,5.2030071867437115
58,58,classify,1131,5.2030071867437115
59,59,why,1121,0.0
60,60,give,1097,2.946942109384559
61,61,article,1064,2.946942109384559
62,62,more,1015,0.0
63,63,statement,1011,2.928073625080176
64,64,used,965,2.928073625080176
65,65,data,958,0.0
66,66,use,913,2.8913722582297483
67,67,design,912,2.8913722582297483
68,68,1,910,0.0
69,69,sentences,907,4.268697949366879
70,70,2,894,4.268697949366879
71,71,summarize,891,0.0
72,72,which,880,3.283414346005772
73,73,customer,866,3.283414346005772
74,74,phrase,853,0.0
75,75,output,846,3.506557897319982
76,76,if,825,3.506557897319982
77,77,product,814,0.0
78,78,construct,805,4.961845129926823
79,79,come,801,4.961845129926823
80,80,i,776,0.0
81,81,edit,767,3.7090821614314557
82,82,type,760,3.7090821614314557
83,83,number,760,0.0
84,84,most,757,3.2570970376883985
85,85,10,756,3.2570970376883985
86,86,your,743,0.0
87,87,poem,738,3.0261914810386994
88,88,input,737,3.0261914810386994
89,89,their,723,0.0
90,90,its,722,3.1820618517454844
91,91,different,722,3.1820618517454844
92,92,person,718,0.0
93,93,compare,717,3.816712825623821
94,94,way,707,3.816712825623821
95,95,me,705,0.0
96,96,at,692,3.2570970376883985
97,97,question,689,3.2570970376883985
98,98,would,686,0.0
99,99,who,685,4.4654082436129325
100,100,based,675,4.4654082436129325
101,101,x,667,0.0
102,102,all,647,5.2030071867437115
103,103,learning,645,5.2030071867437115
104,104,has,643,0.0
105,105,4,639,3.283414346005772
106,106,items,636,3.283414346005772
107,107,have,636,0.0
108,108,correct,631,3.8632328412587142
109,109,language,629,3.8632328412587142
110,110,people,627,0.0
111,111,paragraph,622,3.506557897319982
112,112,meaning,620,3.506557897319982
113,113,should,619,0.0
114,114,topic,618,3.6306105459899607
115,115,change,601,3.6306105459899607
116,116,appropriate,599,0.0
117,117,compose,595,3.6888794541139363
118,118,main,584,3.6888794541139363
119,119,do,584,0.0
120,120,short,579,3.6690768268177565
121,121,analyze,579,3.6690768268177565
122,122,numbers,577,0.0
123,123,concept,573,3.540459448995663
124,124,creative,562,3.540459448995663
125,125,technology,561,0.0
126,126,description,560,3.7090821614314557
127,127,calculate,548,3.7090821614314557
128,128,important,537,0.0
129,129,determine,523,4.104394898075602
130,130,order,521,4.104394898075602
131,131,movie,517,0.0
132,132,each,516,3.649658740960655
133,133,convert,515,3.649658740960655
134,134,when,510,0.0
135,135,code,509,3.6888794541139363
136,136,system,504,3.6888794541139363
137,137,algorithm,499,0.0
138,138,was,497,3.989984546897858
139,139,categorize,496,3.989984546897858
140,140,benefits,495,0.0
141,141,related,494,3.4420193761824107
142,142,ai,491,3.4420193761824107
143,143,could,489,0.0
144,144,world,486,3.6306105459899607
145,145,artificial,484,3.6306105459899607
146,146,title,476,0.0
147,147,some,475,7.600902459542082
148,148,answer,472,7.600902459542082
149,149,character,470,0.0
150,150,questions,465,3.649658740960655
151,151,form,459,3.649658740960655
152,152,positive,458,0.0
153,153,intelligence,454,7.600902459542082
154,154,does,447,7.600902459542082
155,155,so,447,0.0
156,156,ways,445,4.656463480375642
157,157,machine,439,4.656463480375642
158,158,computer,439,0.0
159,159,tell,439,3.7722610630529876
160,160,not,435,3.7722610630529876
161,161,best,432,0.0
162,162,time,429,5.654992310486769
163,163,business,425,5.654992310486769
164,164,verb,420,0.0
165,165,set,417,4.045554398052669
166,166,four,415,4.045554398052669
167,167,common,409,0.0
168,168,take,409,4.2336066295556085
169,169,characters,407,4.2336066295556085
170,170,company,405,0.0
171,171,online,405,3.937340813412436
172,172,than,402,3.937340813412436
173,173,reduce,399,0.0
174,174,information,394,5.298317366548036
175,175,below,394,5.298317366548036
176,176,process,391,0.0
177,177,someone,389,3.937340813412436
178,178,contrast,388,3.937340813412436
179,179,either,388,0.0
180,180,out,388,6.907755278982137
181,181,book,386,6.907755278982137
182,182,problem,385,0.0
183,183,recipe,379,4.166915255056936
184,184,same,375,4.166915255056936
185,185,model,372,0.0
186,186,website,368,4.017383521085972
187,187,difference,367,4.017383521085972
188,188,add,363,0.0
189,189,possible,359,4.55638002181866
190,190,string,353,4.55638002181866
191,191,improve,351,0.0
192,192,plan,350,4.017383521085972
193,193,help,343,4.017383521085972
194,194,provided,342,0.0
195,195,countries,342,4.55638002181866
196,196,job,340,4.55638002181866
197,197,news,340,0.0
198,198,will,339,4.509860006183766
199,199,query,339,4.509860006183766
200,200,any,338,0.0
201,201,importance,335,5.654992310486769
202,202,examples,332,5.654992310486769
203,203,steps,331,0.0
204,204,them,329,5.521460917862246
205,205,value,328,5.521460917862246
206,206,differences,325,0.0
207,207,post,324,4.509860006183766
208,208,equation,323,4.509860006183766
209,209,elements,321,0.0
210,210,8,320,5.809142990314028
211,211,service,320,5.809142990314028
212,212,program,320,0.0
213,213,adjectives,318,6.907755278982137
214,214,day,314,6.907755278982137
215,215,develop,311,0.0
216,216,first,311,4.382026634673881
217,217,complete,311,4.382026634673881
218,218,b,311,0.0
219,219,least,311,4.55638002181866
220,220,speech,310,4.55638002181866
221,221,good,309,0.0
222,222,energy,309,4.605170185988092
223,223,function,308,4.605170185988092
224,224,these,308,0.0
225,225,6,307,5.035953102080546
226,226,passage,307,5.035953102080546
227,227,headline,307,0.0
228,228,many,306,4.4654082436129325
229,229,letter,303,4.4654082436129325
230,230,natural,302,0.0
231,231,tweet,302,5.035953102080546
232,232,line,301,5.035953102080546
233,233,essay,300,0.0
234,234,table,300,7.600902459542082
235,235,metaphor,295,7.600902459542082
236,236,types,293,0.0
237,237,marketing,293,6.214608098422191
238,238,term,292,6.214608098422191
239,239,animals,291,0.0
240,240,us,291,0.0
241,241,tense,290,0.0
242,242,email,289,0.0
243,243,need,288,6.502290170873972
244,244,features,287,6.502290170873972
245,245,potential,286,0.0
246,246,impact,286,4.074541934925921
247,247,user,284,4.074541934925921
248,248,event,282,0.0
249,249,city,281,4.4654082436129325
250,250,array,279,4.4654082436129325
251,251,climate,279,0.0
252,252,food,278,4.135166556742356
253,253,life,277,4.135166556742356
254,254,situation,277,0.0
255,255,negative,277,4.892852258439873
256,256,they,276,4.892852258439873
257,257,game,275,0.0
258,258,summary,273,4.605170185988092
259,259,ingredients,273,4.605170185988092
260,260,store,273,0.0
261,261,he,271,4.509860006183766
262,262,where,269,4.509860006183766
263,263,blog,268,0.0
264,264,key,268,5.035953102080546
265,265,tips,267,5.035953102080546
266,266,outline,267,0.0
267,267,ideas,267,4.422848629194137
268,268,points,267,4.422848629194137
269,269,song,267,0.0
270,270,english,267,4.509860006183766
271,271,structure,266,4.509860006183766
272,272,sum,266,0.0
273,273,less,265,4.135166556742356
274,274,web,263,4.135166556742356
275,275,animal,262,0.0
276,276,advantages,262,4.767689115485866
277,277,argument,260,4.767689115485866
278,278,uses,260,0.0
279,279,7,260,6.907755278982137
280,280,task,260,6.907755278982137
281,281,work,260,0.0
282,282,research,258,4.55638002181866
283,283,sentiment,257,4.55638002181866
284,284,unique,257,0.0
285,285,definition,255,4.55638002181866
286,286,select,255,4.55638002181866
287,287,c,253,0.0
288,288,idea,252,4.55638002181866
289,289,area,251,4.55638002181866
290,290,concise,249,0.0
291,291,true,248,4.767689115485866
292,292,social,248,4.767689115485866
293,293,0,246,0.0
294,294,popular,246,4.8283137373023015
295,295,solution,245,4.8283137373023015
296,296,suitable,241,0.0
297,297,context,239,4.961845129926823
298,298,according,239,4.961845129926823
299,299,healthy,237,0.0
300,300,famous,237,4.55638002181866
301,301,t,235,4.55638002181866
302,302,software,235,0.0
303,303,read,233,5.403677882205863
304,304,evaluate,232,5.403677882205863
305,305,states,232,0.0
306,306,response,231,5.035953102080546
307,307,voice,230,5.035953102080546
308,308,year,228,0.0
309,309,100,227,4.961845129926823
310,310,predict,227,4.961845129926823
311,311,grammar,226,0.0
312,312,past,226,4.767689115485866
313,313,object,224,4.767689115485866
314,314,expression,222,0.0
315,315,python,222,5.403677882205863
316,316,interesting,221,5.403677882205863
317,317,strategy,221,0.0
318,318,theme,220,4.605170185988092
319,319,review,219,4.605170185988092
320,320,categories,218,0.0
321,321,item,218,4.55638002181866
322,322,media,217,4.55638002181866
323,323,dialogue,217,0.0
324,324,translate,216,4.8283137373023015
325,325,few,216,4.8283137373023015
326,326,replace,215,0.0
327,327,global,214,4.605170185988092
328,328,current,212,4.605170185988092
329,329,programming,210,0.0
330,330,point,207,4.767689115485866
331,331,country,207,4.767689115485866
332,332,original,206,0.0
333,333,cost,206,4.710530701645918
334,334,we,205,4.710530701645918
335,335,sort,205,0.0
336,336,choose,205,4.961845129926823
337,337,experience,205,4.961845129926823
338,338,facts,204,0.0
339,339,united,204,4.509860006183766
340,340,noun,204,4.509860006183766
341,341,environment,204,0.0
342,342,solve,203,5.115995809754082
343,343,science,202,5.115995809754082
344,344,car,201,0.0
345,345,but,201,5.654992310486769
346,346,ask,201,5.654992310486769
347,347,she,200,0.0
348,348,lines,199,4.268697949366879
349,349,false,199,4.268697949366879
350,350,student,198,0.0
351,351,formal,198,7.600902459542082
352,352,gpt,197,7.600902459542082
353,353,my,197,0.0
354,354,strategies,196,4.268697949366879
355,355,health,196,4.268697949366879
356,356,restaurant,195,0.0
357,357,imagine,195,4.4654082436129325
358,358,arrange,194,4.4654082436129325
359,359,present,194,0.0
360,360,n,194,4.2336066295556085
361,361,without,193,4.2336066295556085
362,362,please,193,0.0
363,363,like,191,6.907755278982137
364,364,successful,191,6.907755278982137
365,365,specific,191,0.0
366,366,content,190,5.035953102080546
367,367,whether,190,5.035953102080546
368,368,activities,190,0.0
369,369,brainstorm,187,4.767689115485866
370,370,scientific,187,4.767689115485866
371,371,tree,187,0.0
372,372,history,186,4.382026634673881
373,373,scenario,186,4.382026634673881
374,374,effective,186,0.0
375,375,piece,185,5.035953102080546
376,376,y,184,5.035953102080546
377,377,describes,184,0.0
378,378,human,184,5.115995809754082
379,379,characteristics,184,5.115995809754082
380,380,water,183,0.0
381,381,step,183,6.214608098422191
382,382,total,182,6.214608098422191
383,383,length,181,0.0
384,384,page,179,4.605170185988092
385,385,persuasive,179,4.605170185988092
386,386,terms,177,0.0
387,387,project,176,5.654992310486769
388,388,purpose,176,5.654992310486769
389,389,style,176,0.0
390,390,writing,176,5.403677882205863
391,391,state,175,5.403677882205863
392,392,novel,175,0.0
393,393,valid,174,5.521460917862246
394,394,haiku,174,5.521460917862246
395,395,population,174,0.0
396,396,describing,173,5.115995809754082
397,397,healthcare,173,5.115995809754082
398,398,color,173,0.0
399,399,children,173,5.991464547107982
400,400,opinion,173,5.991464547107982
401,401,had,172,0.0
402,402,making,172,4.892852258439873
403,403,tone,172,4.892852258439873
404,404,triangle,172,0.0
405,405,slogan,172,4.55638002181866
406,406,application,172,4.55638002181866
407,407,no,171,0.0
408,408,return,171,5.403677882205863
409,409,conversation,171,5.403677882205863
410,410,contains,171,0.0
411,411,being,170,5.115995809754082
412,412,top,170,5.115995809754082
413,413,message,170,0.0
414,414,think,169,5.035953102080546
415,415,internet,169,5.035953102080546
416,416,home,168,0.0
417,417,app,168,7.600902459542082
418,418,assistant,168,7.600902459542082
419,419,subject,168,0.0
420,420,analogy,168,4.305065593537753
421,421,things,168,4.305065593537753
422,422,there,167,0.0
423,423,detect,167,4.55638002181866
424,424,paper,166,4.55638002181866
425,425,group,166,0.0
426,426,simple,165,0.0
427,427,script,165,0.0
428,428,major,163,0.0
429,429,grammatically,162,4.4654082436129325
430,430,other,162,4.4654082436129325
431,431,format,162,0.0
432,432,rearrange,162,6.214608098422191
433,433,works,162,6.214608098422191
434,434,price,161,0.0
435,435,development,160,4.55638002181866
436,436,family,160,4.55638002181866
437,437,books,160,0.0
438,438,education,160,4.656463480375642
439,439,future,159,4.656463480375642
440,440,integer,159,0.0
441,441,during,158,4.55638002181866
442,442,search,158,4.55638002181866
443,443,network,158,0.0
444,444,increase,158,5.521460917862246
445,445,instructions,158,5.521460917862246
446,446,cat,157,0.0
447,447,events,156,4.961845129926823
448,448,effects,156,4.961845129926823
449,449,better,155,0.0
450,450,mobile,154,4.892852258439873
451,451,re,154,4.892852258439873
452,452,methods,151,0.0
453,453,team,151,5.403677882205863
454,454,remove,151,5.403677882205863
455,455,9,151,0.0
456,456,last,150,5.115995809754082
457,457,action,150,5.115995809754082
458,458,industry,149,0.0
459,459,synonym,149,5.035953102080546
460,460,active,148,5.035953102080546
461,461,non,148,0.0
462,462,market,146,4.961845129926823
463,463,such,146,4.961845129926823
464,464,next,146,0.0
465,465,rate,146,4.892852258439873
466,466,sports,145,4.892852258439873
467,467,neural,144,0.0
468,468,topics,144,4.892852258439873
469,469,digital,144,4.892852258439873
470,470,issue,143,0.0
471,471,long,143,4.8283137373023015
472,472,components,143,4.8283137373023015
473,473,while,143,0.0
474,474,passive,142,4.961845129926823
475,475,integers,142,4.961845129926823
476,476,report,142,0.0
477,477,french,141,6.502290170873972
478,478,relationship,141,6.502290170873972
479,479,html,141,0.0
480,480,pollution,140,5.2030071867437115
481,481,might,140,5.2030071867437115
482,482,reasons,140,0.0
483,483,sequence,140,4.767689115485866
484,484,sound,139,4.767689115485866
485,485,quote,139,0.0
486,486,living,137,5.115995809754082
487,487,fact,137,5.115995809754082
488,488,cities,136,0.0
489,489,years,135,4.961845129926823
490,490,stock,135,4.961845129926823
491,491,brief,135,0.0
492,492,place,135,5.521460917862246
493,493,single,134,5.521460917862246
494,494,apple,134,0.0
495,495,warming,134,5.2030071867437115
496,496,our,134,5.2030071867437115
497,497,shopping,134,0.0
498,498,sql,134,4.656463480375642
499,499,made,133,4.656463480375642
500,500,over,133,0.0
501,501,did,132,4.8283137373023015
502,502,processing,132,4.8283137373023015
503,503,cloud,132,0.0
504,504,been,131,5.298317366548036
505,505,document,131,5.298317366548036
506,506,12,130,0.0
507,507,old,130,4.961845129926823
508,508,species,129,4.961845129926823
509,509,second,129,0.0
510,510,interview,128,5.809142990314028
511,511,random,128,5.809142990314028
512,512,database,128,0.0
513,513,descriptive,128,5.035953102080546
514,514,setting,128,5.035953102080546
515,515,were,127,0.0
516,516,synonyms,127,4.605170185988092
517,517,field,127,4.605170185988092
518,518,adjective,127,0.0
519,519,ten,126,4.710530701645918
520,520,money,126,4.710530701645918
521,521,analysis,126,0.0
522,522,formulate,126,5.809142990314028
523,523,m,125,5.809142990314028
524,524,20,125,0.0
525,525,air,124,5.809142990314028
526,526,changing,124,5.809142990314028
527,527,print,124,0.0
528,528,dish,124,5.035953102080546
529,529,50,124,5.035953102080546
530,530,express,124,0.0
531,531,get,124,4.892852258439873
532,532,real,123,4.892852258439873
533,533,punctuation,122,0.0
534,534,school,122,5.298317366548036
535,535,role,122,5.298317366548036
536,536,logical,122,0.0
537,537,party,122,5.115995809754082
538,538,only,122,5.115995809754082
539,539,paraphrase,121,0.0
540,540,spanish,121,5.2030071867437115
541,541,reword,121,5.2030071867437115
542,542,values,121,0.0
543,543,dog,121,5.298317366548036
544,544,hypothesis,121,5.298317366548036
545,545,public,120,0.0
546,546,summer,120,5.991464547107982
547,547,propose,119,5.991464547107982
548,548,proverb,119,0.0
549,549,pick,119,5.2030071867437115
550,550,night,119,5.2030071867437115
551,551,fiction,118,0.0
552,552,communication,118,4.961845129926823
553,553,choice,118,4.961845129926823
554,554,nouns,118,0.0
555,555,travel,117,5.991464547107982
556,556,f,117,5.991464547107982
557,557,associated,117,0.0
558,558,author,116,6.502290170873972
559,559,temperature,116,6.502290170873972
560,560,rank,116,0.0
561,561,logo,116,5.035953102080546
562,562,friend,115,5.035953102080546
563,563,similar,115,0.0
564,564,build,115,5.991464547107982
565,565,largest,115,5.991464547107982
566,566,transform,114,0.0
567,567,names,114,5.2030071867437115
568,568,conveys,114,5.2030071867437115
569,569,customers,114,0.0
570,570,summarizing,114,5.521460917862246
571,571,spelling,113,5.521460917862246
572,572,end,113,0.0
573,573,prime,113,5.521460917862246
574,574,physical,113,5.521460917862246
575,575,case,113,0.0
576,576,after,112,5.2030071867437115
577,577,errors,112,5.2030071867437115
578,578,joke,112,0.0
579,579,maximum,111,5.2030071867437115
580,580,produce,111,5.2030071867437115
581,581,basic,111,0.0
582,582,stress,110,5.115995809754082
583,583,idiom,110,5.115995809754082
584,584,economic,110,0.0
585,585,survey,110,4.55638002181866
586,586,something,110,4.55638002181866
587,587,found,110,0.0
588,588,define,110,5.115995809754082
589,589,start,110,5.115995809754082
590,590,show,110,0.0
591,591,feeling,110,4.961845129926823
592,592,great,109,4.961845129926823
593,593,small,109,0.0
594,594,timeline,109,5.115995809754082
595,595,perfect,109,5.115995809754082
596,596,virtual,109,0.0
597,597,activity,109,5.403677882205863
598,598,computing,109,5.403677882205863
599,599,third,108,0.0
600,600,reverse,108,4.767689115485866
601,601,learn,108,4.767689115485866
602,602,e,108,0.0
603,603,letters,108,5.2030071867437115
604,604,meaningful,108,5.2030071867437115
605,605,insert,108,0.0
606,606,password,107,4.892852258439873
607,607,strings,107,4.892852258439873
608,608,element,107,0.0
609,609,15,107,5.115995809754082
610,610,blue,107,5.115995809754082
611,611,renewable,107,0.0
612,612,recent,107,5.2030071867437115
613,613,american,107,5.2030071867437115
614,614,cause,107,0.0
615,615,primary,106,5.2030071867437115
616,616,decision,106,5.2030071867437115
617,617,size,106,0.0
618,618,environmental,106,5.298317366548036
619,619,highest,106,5.298317366548036
620,620,recommend,106,0.0
621,621,earth,106,5.2030071867437115
622,622,painting,105,5.2030071867437115
623,623,techniques,105,0.0
624,624,match,105,5.991464547107982
625,625,objects,105,5.991464547107982
626,626,sales,104,0.0
627,627,war,104,4.767689115485866
628,628,his,104,4.767689115485866
629,629,pandemic,104,0.0
630,630,products,104,5.2030071867437115
631,631,moon,104,5.2030071867437115
632,632,means,104,0.0
633,633,emotion,104,6.502290170873972
634,634,high,103,6.502290170873972
635,635,phone,103,0.0
636,636,mathematical,103,5.654992310486769
637,637,effect,103,5.654992310486769
638,638,humans,103,0.0
639,639,category,103,5.2030071867437115
640,640,skills,103,5.2030071867437115
641,641,solutions,102,0.0
642,642,security,102,5.991464547107982
643,643,today,102,5.991464547107982
644,644,test,102,0.0
645,645,down,102,6.502290170873972
646,646,love,102,6.502290170873972
647,647,right,102,0.0
648,648,creating,102,5.298317366548036
649,649,parts,102,5.298317366548036
650,650,carbon,102,0.0
651,651,sun,102,5.521460917862246
652,652,discuss,101,5.521460917862246
653,653,cm,101,0.0
654,654,plant,101,6.214608098422191
655,655,discussing,101,6.214608098422191
656,656,written,101,0.0
657,657,working,101,5.298317366548036
658,658,alternative,101,5.298317366548036
659,659,needed,101,0.0
660,660,modern,100,4.961845129926823
661,661,presentation,100,4.961845129926823
662,662,deep,99,0.0
663,663,takes,99,5.654992310486769
664,664,classification,99,5.654992310486769
665,665,eating,99,0.0
666,666,starting,98,5.403677882205863
667,667,power,98,5.403677882205863
668,668,scene,98,0.0
669,669,19,98,5.035953102080546
670,670,result,98,5.035953102080546
671,671,containing,97,0.0
672,672,funny,97,5.035953102080546
673,673,save,97,5.035953102080546
674,674,play,97,0.0
675,675,pros,96,6.907755278982137
676,676,cons,96,6.907755278982137
677,677,space,96,0.0
678,678,musical,96,5.521460917862246
679,679,simile,96,5.521460917862246
680,680,instruction,96,0.0
681,681,pieces,95,4.8283137373023015
682,682,part,95,4.8283137373023015
683,683,through,95,0.0
684,684,multiple,95,5.115995809754082
685,685,imperative,95,5.115995809754082
686,686,proper,95,0.0
687,687,india,95,5.991464547107982
688,688,house,95,5.991464547107982
689,689,students,95,0.0
690,690,must,94,5.298317366548036
691,691,combine,94,5.298317366548036
692,692,neutral,94,0.0
693,693,friends,94,5.809142990314028
694,694,support,94,5.809142990314028
695,695,management,94,0.0
696,696,relevant,94,6.214608098422191
697,697,feature,94,6.214608098422191
698,698,include,94,0.0
699,699,compute,93,5.403677882205863
700,700,friendly,93,5.403677882205863
701,701,particular,93,0.0
702,702,nature,93,5.115995809754082
703,703,benefit,93,5.115995809754082
704,704,her,93,0.0
705,705,exercise,93,5.298317366548036
706,706,go,92,5.298317366548036
707,707,chart,92,0.0
708,708,500,91,5.115995809754082
709,709,square,91,5.115995809754082
710,710,explanation,91,0.0
711,711,campaign,91,5.991464547107982
712,712,method,91,5.991464547107982
713,713,advice,91,0.0
714,714,businesses,91,5.2030071867437115
715,715,11,90,5.2030071867437115
716,716,traditional,90,0.0
717,717,class,90,5.298317366548036
718,718,policy,90,5.298317366548036
719,719,fruits,90,0.0
720,720,2x,90,6.907755278982137
721,721,together,90,6.907755278982137
722,722,kind,90,0.0
723,723,success,89,6.907755278982137
724,724,trip,89,6.907755278982137
725,725,don,89,0.0
726,726,assign,89,5.521460917862246
727,727,buy,89,5.521460917862246
728,728,java,89,0.0
729,729,law,89,5.403677882205863
730,730,fictional,89,5.403677882205863
731,731,delete,89,0.0
732,732,sources,89,5.809142990314028
733,733,open,89,5.809142990314028
734,734,employee,88,0.0
735,735,own,88,5.2030071867437115
736,736,longest,88,5.2030071867437115
737,737,factors,88,0.0
738,738,political,88,5.115995809754082
739,739,fill,88,5.115995809754082
740,740,involving,88,0.0
741,741,colors,87,5.403677882205863
742,742,applications,87,5.403677882205863
743,743,meeting,87,0.0
744,744,binary,87,0.0
745,745,put,87,0.0
746,746,robot,87,0.0
747,747,workplace,87,6.502290170873972
748,748,consider,87,6.502290170873972
749,749,estimate,87,0.0
750,750,plants,86,5.521460917862246
751,751,happy,86,5.521460917862246
752,752,digit,86,0.0
753,753,medical,86,5.521460917862246
754,754,brand,86,5.521460917862246
755,755,figure,86,0.0
756,756,engineer,86,6.214608098422191
757,757,financial,86,6.214608098422191
758,758,lyrics,86,0.0
759,759,art,86,6.214608098422191
760,760,performance,86,6.214608098422191
761,761,keyword,86,0.0
762,762,missing,86,5.2030071867437115
763,763,around,86,5.2030071867437115
764,764,look,85,0.0
765,765,root,85,5.809142990314028
766,766,waste,85,5.809142990314028
767,767,view,85,0.0
768,768,historical,85,5.991464547107982
769,769,pet,85,5.991464547107982
770,770,sides,85,0.0
771,771,implications,85,6.502290170873972
772,772,columns,85,6.502290170873972
773,773,genre,85,0.0
774,774,sky,84,4.961845129926823
775,775,certain,84,4.961845129926823
776,776,tasks,84,0.0
777,777,professional,84,6.214608098422191
778,778,chatbot,84,6.214608098422191
779,779,covid,84,0.0
780,780,another,83,6.502290170873972
781,781,economy,83,6.502290170873972
782,782,follows,83,0.0
783,783,solar,83,0.0
784,784,budget,83,0.0
785,785,going,83,0.0
786,786,complex,83,6.214608098422191
787,787,sample,83,6.214608098422191
788,788,capital,82,0.0
789,789,ethical,82,5.403677882205863
790,790,verbs,82,5.403677882205863
791,791,century,82,0.0
792,792,offer,82,5.298317366548036
793,793,amount,82,5.298317366548036
794,794,date,82,0.0
795,795,diet,82,5.403677882205863
796,796,safety,82,5.403677882205863
797,797,age,82,0.0
798,798,then,81,7.600902459542082
799,799,dataset,81,7.600902459542082
800,800,red,81,0.0
801,801,weather,81,5.809142990314028
802,802,difficult,80,5.809142990314028
803,803,protagonist,80,0.0
804,804,adverb,80,6.214608098422191
805,805,check,80,6.214608098422191
806,806,probability,80,0.0
807,807,society,80,5.115995809754082
808,808,30,79,5.115995809754082
809,809,mistakes,79,0.0
810,810,causes,79,0.0
811,811,cats,79,0.0
812,812,version,79,0.0
813,813,significance,79,6.907755278982137
814,814,beach,79,6.907755278982137
815,815,vacation,79,0.0
816,816,ocean,79,5.2030071867437115
817,817,lives,79,5.2030071867437115
818,818,includes,79,0.0
819,819,general,79,5.521460917862246
820,820,self,78,5.521460917862246
821,821,models,78,0.0
822,822,both,78,5.809142990314028
823,823,six,78,5.809142990314028
824,824,opening,78,0.0
825,825,reducing,78,5.809142990314028
826,826,rules,78,5.809142990314028
827,827,experiment,78,0.0
828,828,solving,78,5.2030071867437115
829,829,dinner,78,5.2030071867437115
830,830,prompt,78,0.0
831,831,every,77,5.654992310486769
832,832,disadvantages,77,5.654992310486769
833,833,before,77,0.0
834,834,detailed,76,5.654992310486769
835,835,blockchain,76,5.654992310486769
836,836,blank,76,0.0
837,837,math,76,6.502290170873972
838,838,device,76,6.502290170873972
839,839,usage,75,0.0
840,840,expresses,75,0.0
841,841,extract,75,0.0
842,842,promote,75,0.0
843,843,interrogative,75,6.502290170873972
844,844,address,75,6.502290170873972
845,845,average,75,0.0
846,846,am,75,5.991464547107982
847,847,score,74,5.991464547107982
848,848,source,74,0.0
849,849,want,74,5.2030071867437115
850,850,know,73,5.2030071867437115
851,851,incorrect,73,0.0
852,852,grammatical,73,5.298317366548036
853,853,vegetables,73,5.298317366548036
854,854,week,73,0.0
855,855,pronoun,73,5.521460917862246
856,856,regular,73,5.521460917862246
857,857,side,72,0.0
858,858,birthday,72,7.600902459542082
859,859,measure,72,7.600902459542082
860,860,well,72,0.0
861,861,tagline,72,0.0
862,862,fix,72,0.0
863,863,options,72,0.0
864,864,suppose,72,5.654992310486769
865,865,corresponding,72,5.654992310486769
866,866,mean,71,0.0
867,867,problems,71,6.502290170873972
868,868,transportation,71,6.502290170873972
869,869,large,71,0.0
870,870,necessary,71,6.214608098422191
871,871,goal,71,6.214608098422191
872,872,challenges,71,0.0
873,873,compound,71,5.991464547107982
874,874,behind,70,5.991464547107982
875,875,government,70,0.0
876,876,efficient,70,4.961845129926823
877,877,daily,70,4.961845129926823
878,878,days,70,0.0
879,879,titles,70,6.502290170873972
880,880,park,70,6.502290170873972
881,881,just,69,0.0
882,882,compile,69,5.991464547107982
883,883,organize,69,5.991464547107982
884,884,chemical,69,0.0
885,885,snippet,69,5.991464547107982
886,886,cake,69,5.991464547107982
887,887,behavior,69,0.0
888,888,divide,69,6.907755278982137
889,889,k,69,6.907755278982137
890,890,having,68,0.0
891,891,needs,68,6.907755278982137
892,892,employees,68,6.907755278982137
893,893,much,68,0.0
894,894,personal,67,5.115995809754082
895,895,circle,67,5.115995809754082
896,896,john,67,0.0
897,897,let,67,5.521460917862246
898,898,alphabetical,67,5.521460917862246
899,899,become,67,0.0
900,900,leader,67,5.991464547107982
901,901,plastic,67,5.991464547107982
902,902,replacing,67,0.0
903,903,tool,67,6.502290170873972
904,904,laptop,67,6.502290170873972
905,905,feedback,67,0.0
906,906,speed,66,6.214608098422191
907,907,json,66,6.214608098422191
908,908,mental,66,0.0
909,909,man,66,6.502290170873972
910,910,taking,66,6.502290170873972
911,911,planet,66,0.0
912,912,count,66,6.502290170873972
913,913,bird,66,6.502290170873972
914,914,significant,66,0.0
915,915,z,66,6.502290170873972
916,916,emissions,66,6.502290170873972
917,917,rhyme,66,0.0
918,918,career,65,5.2030071867437115
919,919,consequences,65,5.2030071867437115
920,920,understand,65,0.0
921,921,photo,65,7.600902459542082
922,922,makes,65,7.600902459542082
923,923,keywords,65,0.0
924,924,hashtag,65,6.502290170873972
925,925,vegan,65,6.502290170873972
926,926,child,65,0.0
927,927,very,65,6.502290170873972
928,928,clause,65,6.502290170873972
929,929,level,65,0.0
930,930,affect,65,6.214608098422191
931,931,asked,65,6.214608098422191
932,932,purchase,65,0.0
933,933,series,65,5.991464547107982
934,934,may,64,5.991464547107982
935,935,follow,64,0.0
936,936,yourself,64,5.809142990314028
937,937,height,64,5.809142990314028
938,938,forest,64,0.0
939,939,represent,64,6.502290170873972
940,940,course,64,6.502290170873972
941,941,lifestyle,64,0.0
942,942,horror,64,6.214608098422191
943,943,explains,64,6.214608098422191
944,944,error,64,0.0
945,945,languages,64,7.600902459542082
946,946,flow,63,7.600902459542082
947,947,room,63,0.0
948,948,contain,63,5.654992310486769
949,949,interface,63,5.654992310486769
950,950,month,62,0.0
951,951,card,62,5.654992310486769
952,952,25,62,5.654992310486769
953,953,scientist,62,0.0
954,954,distance,62,5.403677882205863
955,955,film,62,5.403677882205863
956,956,greatest,62,0.0
957,957,quiz,62,5.991464547107982
958,958,smallest,62,5.991464547107982
959,959,scale,62,0.0
960,960,apples,62,6.907755278982137
961,961,phrases,62,6.907755278982137
962,962,live,62,0.0
963,963,guess,62,5.521460917862246
964,964,modify,62,5.521460917862246
965,965,even,61,0.0
966,966,companies,61,5.2030071867437115
967,967,base,61,5.2030071867437115
968,968,d,61,0.0
969,969,3x,61,5.521460917862246
970,970,trends,61,5.521460917862246
971,971,orders,61,0.0
972,972,antonym,61,0.0
973,973,big,61,0.0
974,974,narrative,61,0.0
975,975,meal,61,5.403677882205863
976,976,journey,61,5.403677882205863
977,977,rap,61,0.0
978,978,criteria,61,6.907755278982137
979,979,beneficial,61,6.907755278982137
980,980,body,61,0.0
981,981,organization,61,5.298317366548036
982,982,coffee,60,5.298317366548036
983,983,services,60,0.0
984,984,revolution,60,5.809142990314028
985,985,networks,60,5.809142990314028
986,986,changes,60,0.0
987,987,visit,60,5.403677882205863
988,988,catchy,60,5.403677882205863
989,989,stay,60,0.0
990,990,star,60,5.654992310486769
991,991,thing,60,5.654992310486769
992,992,location,60,0.0
993,993,vocabulary,60,6.214608098422191
994,994,teacher,60,6.214608098422191
995,995,manager,59,0.0
996,996,commonly,59,5.991464547107982
997,997,linear,59,5.991464547107982
998,998,quality,59,0.0
999,999,range,59,6.214608098422191
